업체명,주소
10년타기정비센터 호매실점,경기 수원시 권선구 서수원로 327
동양모터스,경기 안양시 동안구 관악대로 317-12
주원모터스,인천 서구 염곡로 43
하이테크모터서비스,인천 남동구 호구포로765번길 12
동행자동차공업사,인천 서구 완정로 111 1층 동행자동차공업사
기아카클리닉,경기도 성남시 분당구 느티로51번길 7(정자동 83-2)
차형,경기 김포시 양촌읍 석모로73번길 92-1
티스테이션 권선점,경기 수원시 권선구 권선로668번길 3
명석카센타,경기 화성시 능동 1096-9
애니카랜드 부평점,인천 부평구 시장로 74
애니카랜드 산곡점,인천 부평구 마장로144번길 1
엔진체크,경기 부천시 조마루로97번길 33-8
카포스대호자동차공업사,서울 영등포구 양산로 90
애니카랜드 역삼점,서울 강남구 논현로106길 29
대성모터스손세차,광주 북구 연양로 105번길 30
타이어마트,광주 광산구 풍영로101번안길 19-2
선명 1급 자동차공업사,광주광역시 북구 동문대로 291
애니카랜드 진월점,광주 남구 진월동 415-11
카리즈마타이어,대구 북구 오봉로3길 9
피트인모터스,대구 수성구 화랑로 154
머쉰JR,경북 경산시 경안로 102
애니카랜드 삼산점,울산 남구 왕생로 74
AN MOTORS,울산 북구 진장동 486-6
전문정비무거남부점,울산광역시 남구 무거동 584-16
타이어톡,울산 북구 산업로 1178
타이어 프리미엄아울렛,대전시 유성구 온천동로 49 (봉명동 694-4)
타이어프로 성남점,대전 동구 계족로 382
유승모터스,대전시 중구 오류동 192-11
더시프트,충남 천안시 동남구 다가말4길 18
코리언모터스,전북 전주시 완산구 인정1길 17
세종 WS&CAR,대한민국 충청남도 연기군 남면 수산리 90
타이어프로 청주봉명점,충북 청주시 흥덕구 직지대로 683
타이어센터,청주시 흥덕구 2순환로 944
애니카랜드(대연점),부산광역시 남구 유엔평화로 33
동서모터스,부산 부산진구 백양대로 24-2
애니카랜드 화명점,부산 북구 화명동 2292-5
프로미카월드 부산범일점,부산 동구 자성로 98-16
오토오아시스 유니시티점,경남 창원시 의창구 평산로155번길 6-1
티스테이션 진해경화점,경남 창원시 진해구 충장로 293
제이제이모터스,경남 진주시 진주성로 93
카포스태평양오토월드,제주 제주시 연북로 660
대화카모터스,제주 서귀포시 일주서로 326
만수현대자동차공업사,인천 남동구 하촌로59번길 16-7
성용모터스,부산 해운대구 해운대로 61번길 17(재송동)
미르카센터,전라남도 목포시 양을로 149
티스테이션 성북점,서울 성북구 종암로6길 8
타이어프로 신정점,울산 남구 봉월로101번길 3
라움오토,경기 파주시 탄현면 갈현로 45
타이어프로 포승점,경기 평택시 포승읍 서동대로 1180
뉴대구 모터스,대구 달서구 송현동 142-4
구영카,울산 울주군 범서읍 구영리 216-4
애니카랜드 중촌점,대전광역시 중구 대종로 627
DC타이어 성남점,경기 성남시 중원구 제일로 19
금호타이어 당감점,부산 부산진구 동평로 56-1 1층 
오토오아시스 정읍점,전라북도 정읍시 초산1길 3-18
오일박스,대구광역시 달성군 논공읍 금강로 15
카리즈마,대구광역시 서구 북비산로 162
우리종합카센터,경기 고양시 일산서구 송포백송길 102
한일오토서비스,경기 안성시 공도읍 공도로 102
애니카랜드 원천점,"경기 수원시 영통구 중부대로448번길 57

"
유빈모터스,충남 아산시 충무로 64
드림모터스,경남 함안군 칠서면 공단상가3길 88
픽스팩토리2호점,경남 양산시 상북면 와곡4길 53
상아모터스,광주 북구 유림로 146
티스테이션 염포점,울산 북구 방어진순환도로 1423
광진자동차정비소,서울시 관악구 신사동 498-31
대호자동차정비공업사,서울 은평구 통일로 942
이상근정비SHOP,충청남도 천안시 동남구 신방동 1827
오토오아시스 안녕점,경기 화성시 안녕길 18
더타이어샵 정릉점,서울 성북구 정릉로 338-1
애니카랜드 인계점,경기 수원시 팔달구 인계로 95
프로모터스 안산점,경기 안산시 단원구 이삭로 6
진MOTORS,부산 연제구 연안로 20
은성자동차공업사,서울 은평구 서오릉로 71
짱구카센타,강원 강릉시 연곡면 영진2길 5
지디카프라자,경기도 시흥시 군자로 538
동진모터스,광주 북구 서림로 156-1
프로미카월드 경주용강점,경상북도 경주시 소금강로61번길 45
카맨샵 경기휠얼라인먼트,경북 문경시 모전로 128-1
동광타이어샵,부산 기장군 정관읍 예림리 515
스피드메이트 김천부곡점,경북 김천시 부곡동 1019-1
피카소(자동차수리센터),성남시 수정구 태평동 탄천로 597
타이어프로 백운점,광주 남구 독립로 59-1 타이어프로 백운점
레디카서비스대구대천1호점명성모터스,대구 달서구 진천로23길 21
중앙자동차공업사,서울특별시 노원구 상계동 165-4
카맨샵 내친구 카샵,서울 은평구 구산동 12-6
하나로카서비스,전남 장성군 장성읍 강변안길 96
오토오아시스 부암점,서울 종로구 부암동 185-1
위례자동차서비스,서울 강남구 헌릉로757길 27
기능장자동차서비스,울산 중구 남외로 89-11
한국타이어MK타이어아울렛,대전 서구 계백로 1315
제이모터스,경북 안동시 옥동4길 65
로렌오토모빌,경기 시흥시 함송로14번길 5-4 쌍용프라자 104호
오토카서비스,대구광역시 동구 신천동 101-12
신현대자동차정비공업사,서울 동작구 동작대로33길 3
이레카센타,경기도 성남시 수정구 수정로 300-1
브라더스타이어,"서울 송파구 오금로 470"
현대검사정비,경기 성남시 분당구 대왕판교로 277
카젠 수완점,광주 광산구 수완동 670-9
타이어프로 봉명사거리점,충북 청주시 흥덕구 직지대로 644
세븐타이어,경남 김해시 김해대로 2633
애니카랜드 구월점,인천 남동구 용천로 113
대덕모터스,경기도 수원시 권선구 당진로32번길 46
그린자동차공업사,서울 강서구 등촌로 83-1
보쉬카서비스 안산와카,경기 안산시 단원구 와동공원로 45
그린모터스,경기도 부천시 계남로 302
카포스매니아카서비스,전라북도 김제시 도작로 4
오토마스타정비,경상북도 칠곡군 북삼읍 금오대로 238
세창오일매니저,경남 창원시 의창구 태복산로31번길 29
티스테이션 광안점,부산 수영구 광안동 144-29
마스타 성민자동차정비공업사 포천신단1호점,경기 포천시 호국로 1361
열린카서비스,전라북도 익산시 서동로 160
티스테이션 방화점,서울 강서구 방화대로 344
애니카랜드 동춘점,인천 연수구 동춘동 815-6
하나로자동차공업사,서울 강북구 미아동 459-11
DM모터스,대구 달서구 파도고개로 237
10년타기정비센터수유점,서울 강북구 삼양로 408
왕카자동차공업사,경기 양주시 백석읍 고릉말로 6 왕카자동차공업사
한솔카센타,광주 서구 화개1로 5
Sky모터탑,인천 남동구 소래역서로 1-12
희망모터스카센타,서울 중랑구 동일로 601
가자모터스,충남 천안시 서북구 입장면 성진로 708
타이어컨츄리,경기 양주시 평화로 1140
웅카모터스,경기 양주시 부흥로 2168
KB매직카 전남봉산하우스,전라남도 여수시 어항로 13-2
정일오토미션카센타,대구 북구 칠곡중앙대로42길 15
애니카랜드신동점,경기도 수원시 영통구 권선로908번길 5
바름정비 파주문산점,경기 파주시 문산읍 통일로 1675-2
마스타인천작전1호점자동차마을,인천 계양구 장제로694번길 11
하이카프라자 강서화곡점,서울 강서구 우장산로 116
오토오아시스 방이점,서울 송파구 백제고분로50길 22
천지카모터스,경기 화성시 남양읍 시청로32번길 13
타이어K전주총판,전라북도 전주시 덕진구 온고을로 511
픽스오토,경기 파주시 시청로 215
청용모터스,경기도 안성시 중앙로419번길 13
김해타이어마트,경남 김해시 한림면 김해대로916번길 6
애니카랜드 양덕점,경상북도 포항시 북구 천마로 25
커맨드,부산 기장군 기장읍 차성로 373
타이어K 덕진총판,전북 전주시 덕진구 온고을로 255
10년타기정비센터독산점오토랜드카서비스,서울특별시 금천구 두산로11길 51
한국타이어성원자동차공업사,인천 서구 서달로11번길 1
퍼스트펭귄 모터스,경기도 시흥시 오동마을로 34
형주카센타,인천 미추홀구 경인로 72
애니카랜드 영운점,충북 청주시 상당구 단재로 136
오성자동차,경기도 성남시 중원구 사기막골로 193
동네카센터,경기 군포시 대야1로 3-1
하이카프라자 동탄점 육암모터스,경기도 화성시 반송동 7-2
올타이어 아산점,충남 아산시 음봉면 연암율금로 133
홍반장카센터,경기도 남양주시 화도읍 마석로45번길 9
애니카랜드 양덕점,경상북도 포항시 북구 천마로 25
까만손모터라인,전북 전주시 덕진구 용소로 83
타이어프로 청량리점 SS MOTORS,서울시 동대문구 왕산로 286
여우카,경기도 고양시 일산동구 백석로71번길 6-3
중앙카라이프,충청남도 천안시 동남구 신부동 320-43
엠모터스,대구 남구 현충로 207
하이카프라자 웅상점,경상남도 양산시 대운로 133
남해카서비스,부산 영도구 태종로 512 
샵플러스원자동차정비,대구광역시 달성군 유가읍 테크노순환로12길 33
중리카서비스,대전 대덕구 쌍청당로 13
홍덕모터스,부산 금정구 금강로 583
카포스명덕카맨샵,울산 동구 명덕6길 53
애니카랜드 삼송점,경기 고양시 덕양구 삼송로 247
오토오아시스 이문점,서울 동대문구 이문로 174
애니카랜드 후평점,강원도 춘천시 후석로 474
10년타기정비센터 내서점,경상남도 창원시 마산회원구 내서읍 호원로 218
베스트타이어,천안시 서북구 백석로 36
그린카서비스,서울 동대문구 장한로 65
티스테이션 동탄석우점,경기 화성시 삼성1로 196
카맨샵 금강자동차써비스,경상북도 경산시 진량읍 공단로100길 10
탑모터스 대화점,경기도 고양시 일산서구 호수로838번길 73-1
애니카랜드 봉산점,강원 원주시 행구로 125
보쉬스마일자동차마을,전라북도 익산시 부송1로 9
카플러스,경기 시흥시 금오로 507
별내카정비,경기 남양주시 두물로39번길 53
오토오아시스 로타리점,강원도 동해시 동굴로 89
카카오모터스,인천시 서구 오류동 448번지
엔진오일의킹,경기 오산시 삼미로47번길 81-19
삼송카센터,경기도 고양시 덕양구 덕수천1로 60-17
애니카랜드 교동한미점,강원도 강릉시 가작로 153
카포스형제자동차경정비,경기 성남시 분당구 분당로311번길 10
동양모터스 ,경기도 화성시 동탄치동천로2길 3-50
반석카센타 ,경기도 부천시 원미구 부일로763번길 43
대일카센타,경기도 용인시 수지구 푸른솔로 87
프로미카월드 울산복산점,울산 중구 계변로 84
애니카랜드 향남점,경기도 화성시 향남읍 행정서로1길 16
보문차병원,서울특별시 성북구 고려대로8길 61
애니카랜드 광명점,경기도 광명시 목감로 90
NS모터스,대전 서구 관저동로99번길 30
타이어프로 남세종점,세종특별자치시 금남면 용포2길 3
보쉬대훈카서비스,경기 수원시 팔달구 고화로 63
한국타이어대영카,대전광역시 동구 대전천동로 482
애니카랜드 강릉홍제점,강원 강릉시 하슬라로 34
대영모터스,경기 광명시 충현로 6
보쉬카서비스 바른차,경기도 평택시 안중읍 안청로 270
경기카서비스,경기도 오산시 수목원로 100
차사랑,부산광역시 북구 덕천로 35-4
티스테이션 창원삼계점,경상남도 창원시 마산회원구 내서읍 삼계리 306-5
공임나라 평택안중점,경기도 평택시 현덕면 인광리 310-8
보쉬카 금암점,전라북도 전주시 덕진구 권삼득로 231
25시카센타,경기 성남시 분당구 미금일로90번길 4
친구카정비센타,경기 남양주시 진건읍 진건오남로 53-9
불스원 스페셜티 청량점,울산광역시 울주군 청량읍 상남2길 5
카리페어샵,충청북도 제천시 내토로 945
애니카랜드 경남고성점,경남 고성군 고성읍 동외로 126
베테랑자동차정비&타이어멀티샵,부산 수영구 망미동 792-8
애니카랜드 중촌점,대전광역시 중구 대종로 627
한국타이어 오륜상사,경기 남양주시 진접읍 금강로 1181
프로미카월드 대전유성점,대전 유성구 계룡로74번길 86
다온자동차,경기도 안양시 만안구 수리산로 12
베스트타이어,천안시 서북구 백석로 36
